{
	"folders": {},
	"connections": {
		"mysql8-17ed5f50d9c-197724cb66853acb": {
			"provider": "mysql",
			"driver": "mysql8",
			"name": "cadastro",
			"save-password": true,
			"read-only": false,
			"configuration": {
				"host": "localhost",
				"port": "3306",
				"database": "cadastro",
				"url": "jdbc:mysql://localhost:3306/cadastro",
				"home": "C:\\Program Files\\MySQL\\MySQL Server 8.0",
				"type": "dev",
				"auth-model": "native",
				"handlers": {}
			}
		},
		"mysql8-17ed5f63d89-861150baec4e0d5": {
			"provider": "mysql",
			"driver": "mysql8",
			"name": "cadastro 2",
			"save-password": true,
			"read-only": false,
			"configuration": {
				"host": "localhost",
				"port": "3306",
				"database": "cadastro",
				"url": "jdbc:mysql://localhost:3306/cadastro",
				"home": "C:\\Program Files\\MySQL\\MySQL Server 8.0",
				"type": "dev",
				"auth-model": "native",
				"handlers": {}
			}
		}
	},
	"connection-types": {
		"dev": {
			"name": "Development",
			"color": "255,255,255",
			"description": "Regular development database",
			"auto-commit": true,
			"confirm-execute": false,
			"confirm-data-change": false,
			"auto-close-transactions": false
		}
	}
}